id,first_name,address,M_ID
1,Xerxes,Apt 324,M_1
2,Tierney,Apt 727,M_2
3,Barbie,11th Floor,M_3
4,Melitta,15th Floor,M_4
5,Fleur,Room 482,M_5
6,Nathalie,PO Box 90036,M_6
7,Ninnette,PO Box 12044,M_7
8,Gabrila,Apt 478,M_8
9,Carmel,Suite 69,M_9
10,Emmet,18th Floor,M_10
11,Ryun,Room 1060,M_11
12,Kissie,Room 1987,M_12
13,Zachery,1st Floor,M_13
14,Padriac,19th Floor,M_14
15,Bathsheba,Room 1500,M_15
16,Honey,Room 1779,M_16
17,Gwenny,Apt 801,M_17
18,Joletta,Room 1785,M_18
19,Geoffrey,3rd Floor,M_19
20,Leonhard,Room 1883,M_20
21,Lowell,Suite 77,M_21
22,Sibley,Suite 37,M_22
23,Ivie,PO Box 83306,M_23
24,Ardyth,Suite 38,M_24
25,Abbye,4th Floor,M_25
26,Ranice,Room 127,M_26
27,Genvieve,12th Floor,M_27
28,Melvyn,PO Box 88248,M_28
29,Anni,PO Box 30912,M_29
30,Darlleen,PO Box 74229,M_30
31,Mozes,Apt 1937,
32,Hilary,Apt 1344,
33,Alexis,Apt 1963,
34,Benita,PO Box 46238,
35,Jandy,Suite 15,
36,Berrie,Room 81,
37,Heidi,Room 318,
38,Louie,Room 1306,
39,Kris,Apt 1532,
40,Gwenora,7th Floor,
41,Neal,Room 1826,
42,Riobard,PO Box 43853,
43,Mia,Suite 54,
44,Alex,Suite 45,
45,Jyoti,Room 548,
46,Calida,PO Box 54629,
47,Bee,Suite 100,
48,Northrop,Suite 36,
49,Rudd,Suite 61,
50,Emiline,Apt 1720,
51,Costanza,PO Box 26866,
52,Merell,Suite 38,
53,Corene,3rd Floor,
54,Dominica,Apt 489,
55,Lizzy,PO Box 9109,
56,Salome,Apt 1157,
57,Pancho,PO Box 56893,
58,Margret,PO Box 67197,
59,Ruperto,Suite 27,
60,Artemis,PO Box 68141,
61,Dorian,PO Box 76419,
62,Elmore,Apt 104,
63,Elizabeth,Apt 1129,
64,Kristine,PO Box 57816,
65,Nicky,Suite 93,
66,Donnie,Suite 67,
67,Darcie,Room 1646,
68,Shanna,PO Box 48144,
69,Rustie,Suite 76,
70,Philbert,Room 1871,
71,Madalena,Room 1324,
72,Essie,Apt 967,
73,Ariadne,Suite 17,
74,Iosep,Suite 32,
75,Batsheva,Room 751,
76,Ede,PO Box 30241,
77,Bibby,Room 1483,
78,Muire,Room 1924,
79,Alexandr,9th Floor,
80,Cob,PO Box 48675,
81,Marilyn,12th Floor,
82,Desmond,Room 169,
83,Curtice,PO Box 13596,
84,Carolee,13th Floor,
85,Dniren,PO Box 91000,
86,Taffy,6th Floor,
87,Adair,16th Floor,
88,Dunn,Room 1402,
89,Roxane,Suite 9,
90,Elwood,10th Floor,
91,Conrade,12th Floor,
92,Danny,5th Floor,
93,Dacia,PO Box 82772,
94,Garrik,PO Box 32095,
95,Nessy,Apt 1382,
96,Timofei,Room 1633,
97,Mil,Room 955,
98,Sibbie,2nd Floor,
99,Scarlet,7th Floor,
100,Ophelie,7th Floor,
101,Corrinne,Apt 1726,
102,Veronika,Apt 502,
103,Issie,PO Box 80047,
104,Jard,Apt 1067,
105,Sibyl,Room 274,
106,Carl,10th Floor,
107,Sinclair,Room 940,
108,Bentlee,7th Floor,
109,Barrie,Room 1600,
110,Gustav,13th Floor,
111,Maisie,PO Box 43652,
112,Ole,Room 56,
113,Georgette,PO Box 25483,
114,Nelson,15th Floor,
115,Erna,Apt 1719,
116,Shandie,Room 537,
117,Dario,Suite 82,
118,Connie,Room 73,
119,Fay,15th Floor,
120,Rodina,Apt 111,
121,Libbey,Apt 44,
122,Joelie,18th Floor,
123,Tab,PO Box 31128,
124,Latrena,Suite 31,
125,Carree,Room 1595,
126,Yard,Room 339,
127,Kenton,8th Floor,
128,Reeba,Apt 305,
129,Paulette,Apt 1149,
130,Brigitta,Room 1854,
131,Maia,Suite 34,
132,Gradeigh,Apt 1601,
133,Clevey,Room 1218,
134,Rhodie,PO Box 19757,
135,Helene,PO Box 86791,
136,Adel,PO Box 17356,
137,Katha,PO Box 42700,
138,Othelia,Room 485,
139,Regine,Room 1232,
140,Jenn,PO Box 42631,
141,Johann,Apt 693,
142,Lissa,Room 1403,
143,Geraldine,PO Box 6647,
144,Dunc,20th Floor,
145,Kath,PO Box 20196,
146,Carole,4th Floor,
147,Pia,Suite 29,
148,Demetria,Apt 1257,
149,Gretel,Suite 55,
150,Berton,Suite 66,
151,Hastings,PO Box 29737,
152,Mareah,Apt 1617,
153,Norbie,Room 1142,
154,Katrinka,Apt 1136,
155,Iolanthe,Apt 666,
156,Collie,Suite 51,
157,Phineas,7th Floor,
158,Danita,4th Floor,
159,Leesa,17th Floor,
160,Georgia,Room 262,
161,Natka,Apt 539,
162,Richart,Room 1486,
163,Stephanus,PO Box 32496,
164,Jobi,12th Floor,
165,Emelen,Room 356,
166,Corrie,Room 563,
167,Barbabas,5th Floor,
168,Park,9th Floor,
169,Angelika,PO Box 90077,
170,Tedi,Apt 1695,
171,Ameline,PO Box 99782,
172,Kelvin,PO Box 574,
173,Gweneth,PO Box 9807,
174,Chrysler,PO Box 79868,
175,Giffer,Room 1798,
176,Devinne,Room 1200,
177,Adrianne,Suite 87,
178,Irvin,15th Floor,
179,Jimmie,PO Box 8650,
180,Violette,Room 474,
181,Dyana,Apt 1210,
182,Melonie,Room 512,
183,Joey,17th Floor,
184,Sig,PO Box 59913,
185,Judah,Suite 31,
186,Bernadine,8th Floor,
187,Verene,4th Floor,
188,Mireille,PO Box 98693,
189,Edy,Room 1508,
190,Carry,PO Box 67215,
191,Jordon,PO Box 74555,
192,Shanta,19th Floor,
193,Elvera,Room 648,
194,Amberly,PO Box 33910,
195,Florella,Room 1320,
196,Karel,Apt 1210,
197,Stefania,3rd Floor,
198,Sherye,11th Floor,
199,Warren,Suite 35,
200,Huberto,Suite 84,
201,Louie,Suite 26,
202,Riva,Suite 83,
203,Mike,Apt 958,
204,Peggy,Suite 10,
205,Haskel,PO Box 74436,
206,Letty,Apt 670,
207,Dolph,PO Box 31645,
208,Joachim,PO Box 91453,
209,Darlene,Room 1181,
210,Gordon,Suite 9,
211,Romonda,Suite 53,
212,Deane,PO Box 98271,
213,Jodie,Room 1911,
214,Tybie,PO Box 86126,
215,Abramo,Apt 635,
216,Lethia,Apt 830,
217,Leland,Suite 67,
218,Zebulon,4th Floor,
219,Lorne,Apt 505,
220,Ronica,Room 578,
221,Lisetta,Apt 1518,
222,Fae,Apt 1997,
223,Wynn,2nd Floor,
224,Filide,Room 1166,
225,Fairfax,Room 1860,
226,Daisi,PO Box 88755,
227,Naoma,Room 377,
228,Urban,9th Floor,
229,Galina,Apt 1488,
230,Kayne,Suite 84,
231,Binny,Apt 422,
232,Rosie,Apt 534,
233,Rubetta,Apt 1492,
234,Suzette,Room 157,
235,Tanitansy,Apt 747,
236,Boyd,Suite 21,
237,Idaline,17th Floor,
238,Cloe,Suite 73,
239,Minda,PO Box 97688,
240,Guss,PO Box 77185,
241,Guthrey,Suite 49,
242,Carlen,13th Floor,
243,Duff,13th Floor,
244,Gillan,2nd Floor,
245,Sissy,Apt 1748,
246,Mattheus,Apt 14,
247,Yancy,14th Floor,
248,Coral,Room 1093,
249,Tabby,Suite 4,
250,Glennie,17th Floor,
251,Raynell,Apt 1307,
252,Carlotta,PO Box 86108,
253,Jervis,Room 1908,
254,Vivyanne,Apt 264,
255,Bentlee,Apt 1953,
256,Darb,20th Floor,
257,Gustavus,13th Floor,
258,Cleavland,Apt 183,
259,Rozamond,12th Floor,
260,Dorthea,Apt 1529,
261,Ephrem,Suite 58,
262,Cordelia,Apt 810,
263,Bobbi,9th Floor,
264,Paton,PO Box 93503,
265,Valry,Suite 62,
266,Tan,Apt 476,
267,Consuelo,18th Floor,
268,Nell,PO Box 72732,
269,Powell,Apt 196,
270,Julietta,12th Floor,
271,Lothaire,PO Box 74868,
272,Philippine,Room 1772,
273,Chloe,Room 849,
274,Adrianne,Room 1357,
275,Olwen,Apt 1050,
276,Dill,8th Floor,
277,Abey,Room 1073,
278,Sydney,PO Box 77583,
279,Emmi,9th Floor,
280,Mano,PO Box 62145,
281,Clayton,Apt 1392,
282,Bren,Room 282,
283,Irv,PO Box 56436,
284,Gretal,Room 453,
285,Broddie,Suite 1,
286,Walther,Apt 107,
287,Trudy,1st Floor,
288,Teresa,Apt 1744,
289,Torey,Room 545,
290,Marthe,Apt 433,
291,Zarah,Suite 16,
292,Chic,11th Floor,
293,Bourke,Suite 17,
294,Kaila,Room 1641,
295,Maiga,PO Box 2791,
296,Berenice,10th Floor,
297,Carolin,Apt 1403,
298,Myrvyn,Room 262,
299,Roger,Room 1133,
300,Carmella,Apt 931,
301,Bobbye,5th Floor,
302,Linea,17th Floor,
303,Harmon,Room 50,
304,Raleigh,PO Box 29735,
305,Gannon,PO Box 95616,
306,Zebadiah,Room 1274,
307,Randene,Apt 1870,
308,Ranna,10th Floor,
309,Wilona,Apt 754,
310,Cecilia,PO Box 50974,
311,Allsun,19th Floor,
312,Doralin,3rd Floor,
313,Angele,Apt 66,
314,Charlie,Room 1491,
315,Hamid,12th Floor,
316,Joela,PO Box 67452,
317,Odella,Apt 292,
318,Berny,PO Box 97801,
319,Hildegarde,10th Floor,
320,Gladys,10th Floor,
321,Vlad,Apt 1332,
322,Winona,Room 326,
323,Thomasin,Apt 1167,
324,Siffre,Room 1356,
325,Katherine,Room 1868,
326,Hall,5th Floor,
327,Micah,Suite 20,
328,Vassily,2nd Floor,
329,Bobby,Room 580,
330,Rodie,Apt 1808,
331,Justino,Apt 120,
332,Babbie,1st Floor,
333,Lucho,PO Box 66404,
334,Cairistiona,3rd Floor,
335,Elyse,Apt 1045,
336,Lela,Suite 70,
337,Kare,Apt 1979,
338,Myrilla,Apt 1052,
339,Elana,Apt 1706,
340,Kirstyn,16th Floor,
341,Gabbi,Room 759,
342,Spenser,PO Box 20982,
343,Nettle,PO Box 71394,
344,Sigvard,8th Floor,
345,Kitty,Apt 486,
346,Igor,15th Floor,
347,Nil,Suite 46,
348,Dana,18th Floor,
349,Terrance,Room 772,
350,Tomi,Apt 209,
351,Warden,Apt 10,
352,Terencio,Apt 1231,
353,Flossi,Room 359,
354,Ellette,Room 911,
355,Em,Room 799,
356,Roi,Room 1221,
357,Sibylle,PO Box 24837,
358,Buiron,Suite 100,
359,Inglis,11th Floor,
360,Patrizius,PO Box 27967,
361,Tanny,PO Box 13691,
362,Margalo,2nd Floor,
363,Rozanne,PO Box 46813,
364,Aubrette,PO Box 19112,
365,Ginni,Apt 1817,
366,Ronnie,Apt 880,
367,Sunny,Apt 485,
368,Yancy,Apt 545,
369,Sal,Suite 41,
370,Kath,PO Box 41222,
371,Jyoti,PO Box 62926,
372,Mitzi,PO Box 55893,
373,Richardo,Room 1312,
374,Adel,5th Floor,
375,Linnea,Suite 49,
376,Elsey,Apt 1689,
377,Atlante,Room 323,
378,Pascale,PO Box 60226,
379,Noella,Suite 88,
380,Axe,PO Box 46470,
381,Marion,Suite 71,
382,Dionisio,PO Box 6074,
383,Dulcine,19th Floor,
384,Gustave,PO Box 92677,
385,Lira,Suite 72,
386,Jaimie,Room 1910,
387,Krissie,Apt 1190,
388,Tadeo,Room 1836,
389,Nigel,Room 991,
390,Emmet,Apt 1520,
391,Candis,Room 317,
392,Sarette,Apt 1246,
393,Dagny,Room 698,
394,Anjanette,16th Floor,
395,Viviyan,Room 961,
396,Rosamund,Room 923,
397,Morgana,Suite 96,
398,Benito,PO Box 55070,
399,Brooke,20th Floor,
400,Pattie,15th Floor,
401,Melita,Room 1572,
402,Rourke,PO Box 38714,
403,Benyamin,Suite 32,
404,Almira,4th Floor,
405,Marlo,Apt 1538,
406,Lorine,4th Floor,
407,Joelynn,PO Box 97014,
408,Nonnah,Apt 253,
409,Wenda,Room 1341,
410,Padgett,Room 308,
411,Arel,10th Floor,
412,Monique,Suite 71,
413,Claresta,PO Box 57237,
414,Janean,Suite 25,
415,Reid,5th Floor,
416,Page,PO Box 21254,
417,Chiquia,Room 1937,
418,Mortie,PO Box 63508,
419,Palm,Apt 440,
420,Alix,20th Floor,
421,Heinrik,Apt 1505,
422,Kimberlee,Suite 44,
423,Sax,Suite 64,
424,Clem,Apt 467,
425,Amelie,PO Box 61127,
426,Ysabel,Suite 13,
427,Minnnie,Apt 106,
428,Deena,Apt 1487,
429,Yoshiko,Apt 133,
430,Nariko,Apt 1674,
431,Saunder,7th Floor,
432,Nikita,PO Box 12503,
433,Kiah,8th Floor,
434,Cilka,Suite 34,
435,Dougie,15th Floor,
436,Claudio,Suite 39,
437,Rivy,Room 488,
438,Katheryn,Apt 1546,
439,Maure,Apt 1559,
440,Fredrick,Apt 1594,
441,Kenn,Suite 19,
442,Robby,Room 715,
443,Brenden,Suite 50,
444,Barbra,Suite 86,
445,Carey,13th Floor,
446,Emilee,Room 864,
447,Delora,Suite 95,
448,Dane,Room 1028,
449,Cedric,Apt 1351,
450,Myrilla,11th Floor,
451,Rodge,Room 703,
452,Danyette,Suite 30,
453,Nerissa,Suite 31,
454,Ellwood,8th Floor,
455,Marji,2nd Floor,
456,Wildon,Room 398,
457,Evangeline,PO Box 25711,
458,Larissa,PO Box 64846,
459,Magdalene,PO Box 34186,
460,Pete,Suite 68,
461,Bartholomew,Room 481,
462,Willie,Room 1978,
463,Hanna,Room 1358,
464,Christoph,15th Floor,
465,Nikoletta,Apt 40,
466,Gabriel,Apt 1467,
467,Yoko,Room 1538,
468,Annette,4th Floor,
469,Agathe,Suite 19,
470,Laughton,Suite 80,
471,Sidonia,PO Box 89032,
472,Aveline,8th Floor,
473,Tove,Suite 39,
474,Floyd,Room 360,
475,Becky,10th Floor,
476,Vikki,PO Box 46137,
477,Eamon,Apt 853,
478,Gabbie,PO Box 22939,
479,Norris,PO Box 61056,
480,Nessi,Room 394,
481,Marnie,13th Floor,
482,Thebault,PO Box 54931,
483,Jackie,Apt 1331,
484,Sayre,Suite 85,
485,Claudine,Suite 83,
486,Sheeree,Room 1941,
487,Parnell,Suite 86,
488,Diana,PO Box 93165,
489,Cy,Apt 1448,
490,Yorgos,Suite 35,
491,Dionisio,Apt 1833,
492,Riccardo,Suite 85,
493,Nance,Suite 60,
494,Ava,Room 49,
495,Lacee,14th Floor,
496,Lyndy,Apt 427,
497,Gustaf,Suite 51,
498,Andy,PO Box 11035,
499,Donny,Suite 92,
500,Elisabetta,Room 1142,
501,Nan,PO Box 50051,
502,Adelheid,Room 98,
503,Kevyn,Apt 1055,
504,Starlene,PO Box 63435,
505,Gearalt,Apt 1276,
506,Conroy,Apt 1400,
507,Anet,Room 1719,
508,Rollin,Room 190,
509,Krishnah,Apt 1094,
510,Drusy,PO Box 96083,
511,Jessa,Room 1238,
512,Marleah,10th Floor,
513,Annamaria,Suite 39,
514,Aarika,Apt 1466,
515,Moreen,PO Box 59492,
516,Matty,Suite 71,
517,Meryl,15th Floor,
518,Walton,Room 39,
519,Suki,Room 764,
520,Karita,Room 74,
521,Vonni,Apt 436,
522,Arthur,PO Box 43970,
523,Doyle,Apt 1149,
524,Duffie,Room 1452,
525,Leslie,Suite 84,
526,Cort,Suite 36,
527,Prescott,Apt 77,
528,Georgiana,Suite 13,
529,Ferdinande,Suite 95,
530,Gradeigh,Apt 984,
531,Clement,Apt 67,
532,Angeli,Apt 816,
533,Cristina,Room 1787,
534,Madeleine,13th Floor,
535,Beck,Apt 1466,
536,Artemis,PO Box 30649,
537,Ashton,PO Box 48403,
538,Claudie,Suite 86,
539,Wes,Apt 549,
540,Nelle,10th Floor,
541,Tressa,16th Floor,
542,Darb,Apt 1803,
543,Celestia,PO Box 20706,
544,Cliff,Room 1665,
545,Dolorita,Apt 1950,
546,Ottilie,PO Box 34496,
547,Arlin,Suite 63,
548,Marijo,PO Box 90853,
549,Emery,Suite 84,
550,Benoite,19th Floor,
551,Vladimir,Suite 19,
552,Dennet,PO Box 22859,
553,Jolyn,Room 460,
554,Antonino,Apt 1700,
555,Giulietta,PO Box 64809,
556,Tatiania,Apt 654,
557,Tobias,Apt 1631,
558,Etan,16th Floor,
559,Miller,Apt 493,
560,Sibylle,Room 468,
561,Jaimie,5th Floor,
562,Dorothee,Suite 45,
563,Ludvig,13th Floor,
564,Daile,Apt 1562,
565,Robinia,Apt 1797,
566,Sigrid,Apt 179,
567,Elfreda,Suite 11,
568,Jeannie,Apt 1648,
569,Yolane,PO Box 43663,
570,Verene,PO Box 36754,
571,Lind,13th Floor,
572,Velma,PO Box 35497,
573,Port,PO Box 29786,
574,Antony,Apt 1935,
575,Rosetta,Apt 231,
576,Seana,Room 1598,
577,Kriste,PO Box 54800,
578,Filip,Room 1485,
579,Aurora,3rd Floor,
580,Jerrilee,Apt 83,
581,Ellyn,Room 137,
582,Eolanda,19th Floor,
583,Paulie,Suite 3,
584,Midge,Suite 90,
585,Charis,PO Box 89788,
586,Gilburt,Suite 41,
587,Harris,6th Floor,
588,Lavinie,3rd Floor,
589,Claudelle,Apt 1429,
590,Madella,11th Floor,
591,Anjela,Room 1508,
592,Hillyer,19th Floor,
593,Maible,18th Floor,
594,Adelina,Apt 42,
595,Jannel,13th Floor,
596,Kennett,10th Floor,
597,Delmore,PO Box 15767,
598,Essa,Suite 33,
599,Kelila,Suite 90,
600,Olimpia,Apt 56,
601,Jacqui,Apt 1484,
602,Darbee,1st Floor,
603,Idalia,Suite 58,
604,Bartholomeo,Apt 162,
605,Gibbie,5th Floor,
606,Bessie,6th Floor,
607,Zarla,PO Box 32667,
608,Kerstin,Suite 65,
609,Kurt,Suite 46,
610,Barnett,Suite 21,
611,Rodd,17th Floor,
612,Dori,Apt 1585,
613,Alejoa,PO Box 62961,
614,Teena,PO Box 23657,
615,Roy,PO Box 2417,
616,Catie,Apt 1787,
617,Felisha,12th Floor,
618,Ainslie,Suite 65,
619,Rolf,PO Box 58504,
620,Hephzibah,Suite 89,
621,Elliot,Room 1306,
622,Micaela,Room 1733,
623,Anny,20th Floor,
624,Mandel,7th Floor,
625,Rebe,Room 1954,
626,Hildagarde,2nd Floor,
627,Berry,Room 836,
628,Lauri,Suite 60,
629,Tony,PO Box 85093,
630,Salome,Apt 1230,
631,Ignacius,Apt 340,
632,Orion,Suite 99,
633,Aymer,10th Floor,
634,Deane,Suite 14,
635,Helena,Suite 72,
636,Elnore,Suite 38,
637,Briny,Suite 81,
638,Murry,Suite 22,
639,Basil,Apt 1384,
640,Garfield,Suite 29,
641,Nanice,Apt 296,
642,Ynes,Apt 1547,
643,Anthe,PO Box 15242,
644,Lanny,Apt 1824,
645,Geordie,18th Floor,
646,Nixie,Room 1627,
647,Cathy,Apt 163,
648,Jen,Room 966,
649,Erda,Suite 22,
650,Dannye,Room 1162,
651,Krista,Suite 31,
652,Jennilee,Room 137,
653,Carroll,4th Floor,
654,Michell,Suite 31,
655,Sergeant,PO Box 17430,
656,Ortensia,PO Box 15991,
657,Dode,Suite 4,
658,Dalila,Suite 12,
659,Durand,19th Floor,
660,Homerus,Room 724,
661,Eudora,1st Floor,
662,Joby,Room 527,
663,Court,Suite 32,
664,Phaidra,Suite 45,
665,Jenica,Suite 97,
666,Penelope,Room 1316,
667,Ford,Room 1656,
668,Julissa,Suite 89,
669,Roselle,7th Floor,
670,Bryana,Apt 1180,
671,Farleigh,10th Floor,
672,Reider,1st Floor,
673,Miller,PO Box 96500,
674,Janaya,Apt 295,
675,Marna,7th Floor,
676,Liva,Apt 1732,
677,Teador,Suite 24,
678,Lorie,14th Floor,
679,Xymenes,Room 1018,
680,Silas,Room 1749,
681,Stanford,Apt 811,
682,Anastassia,Suite 55,
683,Alethea,4th Floor,
684,Tailor,PO Box 75166,
685,Tomi,PO Box 62678,
686,Collen,Room 261,
687,Ted,Suite 93,
688,Lira,Suite 49,
689,Mercy,Apt 746,
690,Zelda,Apt 1213,
691,Gabbi,10th Floor,
692,Stillman,Apt 583,
693,Don,Room 279,
694,Mellie,PO Box 71712,
695,Ashley,14th Floor,
696,Letty,PO Box 22786,
697,Orelia,PO Box 69280,
698,Juana,15th Floor,
699,Griswold,Room 613,
700,Archie,Apt 586,
701,Alastair,PO Box 96967,
702,Nelly,PO Box 28335,
703,Teri,Room 200,
704,Hinda,6th Floor,
705,Gerianne,16th Floor,
706,Pincas,Apt 663,
707,Anica,PO Box 82955,
708,Davidde,Suite 38,
709,Kally,Suite 13,
710,Gav,Suite 87,
711,Colin,Suite 16,
712,Damien,Room 1097,
713,Garik,Room 1782,
714,Stevie,PO Box 38005,
715,Tasia,PO Box 89985,
716,Stephine,Apt 226,
717,Ree,Room 519,
718,Donnie,Room 1590,
719,Maurie,Room 1295,
720,Valma,Room 65,
721,Esme,Room 1048,
722,Pearce,PO Box 71572,
723,Dev,3rd Floor,
724,Dominick,PO Box 18169,
725,Joelly,Room 1656,
726,Letisha,Suite 52,
727,Dominik,Apt 769,
728,Lek,Room 613,
729,Pauly,PO Box 29550,
730,Slade,8th Floor,
731,Sargent,Suite 22,
732,Neysa,Room 1043,
733,Madelle,Suite 6,
734,Alissa,Suite 54,
735,Shauna,PO Box 8737,
736,Bridgette,Suite 34,
737,Duffie,Suite 79,
738,Billye,Apt 1786,
739,Ruy,Suite 100,
740,Pru,11th Floor,
741,Waylon,Apt 738,
742,Granthem,Apt 1064,
743,Mae,Apt 1613,
744,Neala,13th Floor,
745,Matthaeus,PO Box 27529,
746,Xever,PO Box 70143,
747,Ardath,Room 98,
748,Korie,15th Floor,
749,Aubree,Room 1050,
750,Glenden,Room 605,
751,Darby,Room 1119,
752,Lorettalorna,Apt 219,
753,Anthea,9th Floor,
754,Beret,9th Floor,
755,Lolly,Apt 357,
756,Blondie,PO Box 80194,
757,Ileane,Suite 52,
758,Alyda,PO Box 10600,
759,Mel,Apt 1606,
760,Ava,Suite 37,
761,Tine,Apt 364,
762,Sherye,Apt 1620,
763,Mahmud,Apt 394,
764,Dan,12th Floor,
765,Joella,Room 599,
766,Gaby,Suite 62,
767,Carry,Apt 736,
768,Thomasine,19th Floor,
769,Jaime,Room 690,
770,Adrianna,17th Floor,
771,Adler,PO Box 32807,
772,Ebenezer,Suite 25,
773,Ashli,17th Floor,
774,Evelin,Room 1119,
775,Ula,Room 1692,
776,Peri,Room 74,
777,Marna,Suite 87,
778,Valencia,PO Box 21600,
779,Mechelle,Room 477,
780,Junia,PO Box 66621,
781,Ed,12th Floor,
782,Moises,Apt 1273,
783,Lorilyn,14th Floor,
784,Vaughan,Room 1874,
785,Horten,PO Box 44397,
786,Darelle,Room 1098,
787,David,Apt 792,
788,Conrad,Suite 19,
789,Kit,Suite 73,
790,Randolf,Room 426,
791,Teddi,Apt 1513,
792,Celie,Apt 1685,
793,Bay,Suite 19,
794,Petr,PO Box 36079,
795,Hedy,Apt 1184,
796,Kurt,Suite 95,
797,Norma,1st Floor,
798,Libbey,Apt 1095,
799,Miran,Apt 415,
800,Shea,Apt 470,
801,Sherm,Suite 87,
802,Temple,Suite 68,
803,Garek,5th Floor,
804,Hortense,4th Floor,
805,Brucie,PO Box 71017,
806,Kaleena,Suite 28,
807,Lemuel,3rd Floor,
808,Alisha,Suite 20,
809,Gav,7th Floor,
810,Otes,Apt 841,
811,Prudence,Apt 1310,
812,Kahlil,Suite 31,
813,Shirleen,PO Box 77004,
814,Tabor,PO Box 90702,
815,Francine,PO Box 66624,
816,Shirline,Room 110,
817,Neil,7th Floor,
818,Angela,1st Floor,
819,Salomon,PO Box 93066,
820,Merv,8th Floor,
821,Currie,Room 24,
822,Andriana,PO Box 42492,
823,Daveen,18th Floor,
824,Cortney,Apt 1209,
825,Carolan,Room 48,
826,Nathanil,15th Floor,
827,Robert,Room 619,
828,Lissy,Suite 50,
829,Filippo,PO Box 9575,
830,Molli,Suite 30,
831,Sterling,Suite 46,
832,Minnaminnie,Apt 1462,
833,Courtney,PO Box 95959,
834,Vi,Apt 1493,
835,Kin,Apt 804,
836,Tanhya,PO Box 46529,
837,Benedetto,Apt 1291,
838,Theadora,Apt 1746,
839,Appolonia,7th Floor,
840,Jackie,PO Box 82727,
841,Morley,PO Box 86209,
842,Starlin,6th Floor,
843,Bartram,Apt 516,
844,Demetra,16th Floor,
845,Layne,Apt 1798,
846,Rochell,Apt 646,
847,Amory,Suite 45,
848,Bernadina,13th Floor,
849,Langsdon,PO Box 1791,
850,Karisa,Suite 91,
851,Shae,Apt 995,
852,Freeland,PO Box 78150,
853,Miguel,Suite 57,
854,Tierney,Apt 150,
855,Ashil,Room 660,
856,Skipper,Apt 485,
857,Gui,19th Floor,
858,Gilbertine,Room 535,
859,Lavinie,Room 681,
860,Hilly,1st Floor,
861,Bekki,Apt 889,
862,Abel,Apt 1524,
863,Sybilla,Apt 1976,
864,Lari,PO Box 88105,
865,Maura,Apt 212,
866,Gran,Apt 299,
867,Dona,Apt 769,
868,Lockwood,PO Box 63591,
869,Maurizio,17th Floor,
870,Rosalia,15th Floor,
871,Carlyle,Suite 89,
872,Stephine,Apt 1951,
873,Wilfrid,Room 1602,
874,Katerine,Suite 92,
875,Gusty,PO Box 77457,
876,Felipe,Apt 1037,
877,Noell,PO Box 81722,
878,Justine,Suite 95,
879,Merci,14th Floor,
880,Victor,3rd Floor,
881,Kameko,Suite 5,
882,Broderic,PO Box 38668,
883,Keri,17th Floor,
884,Tim,Suite 29,
885,Caterina,Room 1959,
886,Brynn,15th Floor,
887,Jacquenetta,PO Box 57117,
888,Yvor,5th Floor,
889,Maurise,17th Floor,
890,Rebekah,Apt 326,
891,Chad,Room 441,
892,Stephenie,16th Floor,
893,Luci,Apt 1702,
894,Torrence,Room 72,
895,Meggie,10th Floor,
896,Faythe,Apt 1020,
897,Casey,Suite 30,
898,Garald,Suite 48,
899,Ashlan,Room 1516,
900,Denis,Apt 510,
901,Harriott,Suite 96,
902,Ammamaria,Room 701,
903,Tallulah,Apt 669,
904,Didi,Suite 96,
905,Gilberta,Apt 1776,
906,Iggie,Apt 1450,
907,Torey,PO Box 99195,
908,Charmane,Apt 971,
909,Kayley,Apt 766,
910,Cesare,PO Box 67516,
911,Cyrillus,PO Box 97930,
912,Conrad,Apt 633,
913,Bobbie,18th Floor,
914,Wat,Suite 62,
915,Georgette,5th Floor,
916,Dyane,PO Box 11498,
917,Kath,Room 1059,
918,Emmit,Room 590,
919,Elianora,Apt 1700,
920,Redford,Room 900,
921,Avram,Room 88,
922,Leonelle,16th Floor,
923,Melosa,Apt 610,
924,Cortie,19th Floor,
925,Robinetta,PO Box 17073,
926,Miguelita,Room 1609,
927,Teirtza,Room 1573,
928,Hedy,PO Box 20795,
929,Kellen,Apt 1238,
930,Sherwin,Apt 1274,
931,Bo,7th Floor,
932,George,Apt 1688,
933,Georgie,PO Box 10660,
934,Tracie,Room 55,
935,Karim,PO Box 46255,
936,Ase,9th Floor,
937,Arel,Suite 1,
938,Thibaud,Room 1017,
939,Merridie,Room 383,
940,Rolph,Room 83,
941,Vinnie,16th Floor,
942,Leelah,PO Box 71421,
943,Shamus,Room 605,
944,Rica,Suite 31,
945,Allyson,PO Box 7960,
946,Richy,PO Box 72078,
947,Deeann,Apt 888,
948,Aviva,Suite 25,
949,Aaren,Room 977,
950,Gianina,Suite 75,
951,Giraldo,Suite 100,
952,Katha,20th Floor,
953,Shayne,19th Floor,
954,Frasco,8th Floor,
955,Gunar,Suite 15,
956,Kirstin,Apt 1666,
957,Hunfredo,PO Box 25093,
958,Bendick,Room 1550,
959,Jocelyne,PO Box 62598,
960,Bert,Apt 1328,
961,Garwin,Suite 1,
962,Zabrina,Apt 1072,
963,Brandyn,16th Floor,
964,Magdaia,PO Box 8143,
965,Martynne,Suite 77,
966,Erl,Apt 674,
967,Kimberli,19th Floor,
968,Wake,1st Floor,
969,Ennis,Apt 1800,
970,Tandie,Apt 1751,
971,Ulick,PO Box 25656,
972,Becka,Suite 65,
973,Kim,15th Floor,
974,Melitta,Apt 1721,
975,Lezley,11th Floor,
976,Marice,PO Box 10669,
977,Diane-marie,1st Floor,
978,Chancey,PO Box 83991,
979,Rafaello,PO Box 88603,
980,Zebulen,PO Box 29565,
981,Hollis,PO Box 22340,
982,Goddard,Apt 249,
983,Rickard,Room 1837,
984,Allayne,PO Box 58953,
985,Maryellen,PO Box 9769,
986,Zoe,Apt 1133,
987,Galen,Room 1714,
988,La verne,2nd Floor,
989,Krystal,PO Box 12587,
990,Dominick,PO Box 57624,
991,Jereme,Apt 626,
992,Merv,Apt 28,
993,Hirsch,Suite 43,
994,Cass,PO Box 95263,
995,Lavina,Apt 1130,
996,Rufe,Suite 55,
997,Bertrand,PO Box 72010,
998,Wilhelm,11th Floor,
999,Mignonne,Apt 1910,
1000,Lyndell,Suite 83,
