id,first_name,address,M_ID,T_ID
32.0,Hilary,Apt 1344,,T_31
33.0,Alexis,Apt 1963,,T_32
34.0,Benita,PO Box 46238,,T_33
35.0,Jandy,Suite 15,,T_34
36.0,Berrie,Room 81,,T_35
37.0,Heidi,Room 318,,T_36
38.0,Louie,Room 1306,,T_37
39.0,Kris,Apt 1532,,T_38
40.0,Gwenora,7th Floor,,T_39
41.0,Neal,Room 1826,,T_40
42.0,Riobard,PO Box 43853,,T_41
43.0,Mia,Suite 54,,T_42
44.0,Alex,Suite 45,,T_43
45.0,Jyoti,Room 548,,T_44
46.0,Calida,PO Box 54629,,T_45
47.0,Bee,Suite 100,,T_46
48.0,Northrop,Suite 36,,T_47
49.0,Rudd,Suite 61,,T_48
50.0,Emiline,Apt 1720,,T_49
51.0,Costanza,PO Box 26866,,T_50
52.0,Merell,Suite 38,,T_51
53.0,Corene,3rd Floor,,T_52
54.0,Dominica,Apt 489,,T_53
55.0,Lizzy,PO Box 9109,,T_54
56.0,Salome,Apt 1157,,T_55
57.0,Pancho,PO Box 56893,,T_56
58.0,Margret,PO Box 67197,,T_57
59.0,Ruperto,Suite 27,,T_58
60.0,Artemis,PO Box 68141,,T_59
61.0,Dorian,PO Box 76419,,T_60
62.0,Elmore,Apt 104,,T_61
63.0,Elizabeth,Apt 1129,,T_62
64.0,Kristine,PO Box 57816,,T_63
65.0,Nicky,Suite 93,,T_64
66.0,Donnie,Suite 67,,T_65
67.0,Darcie,Room 1646,,T_66
68.0,Shanna,PO Box 48144,,T_67
69.0,Rustie,Suite 76,,T_68
70.0,Philbert,Room 1871,,T_69
71.0,Madalena,Room 1324,,T_70
72.0,Essie,Apt 967,,T_71
73.0,Ariadne,Suite 17,,T_72
74.0,Iosep,Suite 32,,T_73
75.0,Batsheva,Room 751,,T_74
76.0,Ede,PO Box 30241,,T_75
77.0,Bibby,Room 1483,,T_76
78.0,Muire,Room 1924,,T_77
79.0,Alexandr,9th Floor,,T_78
80.0,Cob,PO Box 48675,,T_79
81.0,Marilyn,12th Floor,,T_80
82.0,Desmond,Room 169,,T_81
83.0,Curtice,PO Box 13596,,T_82
84.0,Carolee,13th Floor,,T_83
85.0,Dniren,PO Box 91000,,T_84
86.0,Taffy,6th Floor,,T_85
87.0,Adair,16th Floor,,T_86
88.0,Dunn,Room 1402,,T_87
89.0,Roxane,Suite 9,,T_88
90.0,Elwood,10th Floor,,T_89
91.0,Conrade,12th Floor,,T_90
92.0,Danny,5th Floor,,T_91
93.0,Dacia,PO Box 82772,,T_92
94.0,Garrik,PO Box 32095,,T_93
95.0,Nessy,Apt 1382,,T_94
96.0,Timofei,Room 1633,,T_95
97.0,Mil,Room 955,,T_96
98.0,Sibbie,2nd Floor,,T_97
99.0,Scarlet,7th Floor,,T_98
100.0,Ophelie,7th Floor,,T_99
101.0,Corrinne,Apt 1726,,T_100
102.0,Veronika,Apt 502,,
103.0,Issie,PO Box 80047,,
104.0,Jard,Apt 1067,,
105.0,Sibyl,Room 274,,
106.0,Carl,10th Floor,,
107.0,Sinclair,Room 940,,
108.0,Bentlee,7th Floor,,
109.0,Barrie,Room 1600,,
110.0,Gustav,13th Floor,,
111.0,Maisie,PO Box 43652,,
112.0,Ole,Room 56,,
113.0,Georgette,PO Box 25483,,
114.0,Nelson,15th Floor,,
115.0,Erna,Apt 1719,,
116.0,Shandie,Room 537,,
117.0,Dario,Suite 82,,
118.0,Connie,Room 73,,
119.0,Fay,15th Floor,,
120.0,Rodina,Apt 111,,
121.0,Libbey,Apt 44,,
122.0,Joelie,18th Floor,,
123.0,Tab,PO Box 31128,,
124.0,Latrena,Suite 31,,
125.0,Carree,Room 1595,,
126.0,Yard,Room 339,,
127.0,Kenton,8th Floor,,
128.0,Reeba,Apt 305,,
129.0,Paulette,Apt 1149,,
130.0,Brigitta,Room 1854,,
131.0,Maia,Suite 34,,
132.0,Gradeigh,Apt 1601,,
133.0,Clevey,Room 1218,,
134.0,Rhodie,PO Box 19757,,
135.0,Helene,PO Box 86791,,
136.0,Adel,PO Box 17356,,
137.0,Katha,PO Box 42700,,
138.0,Othelia,Room 485,,
139.0,Regine,Room 1232,,
140.0,Jenn,PO Box 42631,,
141.0,Johann,Apt 693,,
142.0,Lissa,Room 1403,,
143.0,Geraldine,PO Box 6647,,
144.0,Dunc,20th Floor,,
145.0,Kath,PO Box 20196,,
146.0,Carole,4th Floor,,
147.0,Pia,Suite 29,,
148.0,Demetria,Apt 1257,,
149.0,Gretel,Suite 55,,
150.0,Berton,Suite 66,,
151.0,Hastings,PO Box 29737,,
152.0,Mareah,Apt 1617,,
153.0,Norbie,Room 1142,,
154.0,Katrinka,Apt 1136,,
155.0,Iolanthe,Apt 666,,
156.0,Collie,Suite 51,,
157.0,Phineas,7th Floor,,
158.0,Danita,4th Floor,,
159.0,Leesa,17th Floor,,
160.0,Georgia,Room 262,,
161.0,Natka,Apt 539,,
162.0,Richart,Room 1486,,
163.0,Stephanus,PO Box 32496,,
164.0,Jobi,12th Floor,,
165.0,Emelen,Room 356,,
166.0,Corrie,Room 563,,
167.0,Barbabas,5th Floor,,
168.0,Park,9th Floor,,
169.0,Angelika,PO Box 90077,,
170.0,Tedi,Apt 1695,,
171.0,Ameline,PO Box 99782,,
172.0,Kelvin,PO Box 574,,
173.0,Gweneth,PO Box 9807,,
174.0,Chrysler,PO Box 79868,,
175.0,Giffer,Room 1798,,
176.0,Devinne,Room 1200,,
177.0,Adrianne,Suite 87,,
178.0,Irvin,15th Floor,,
179.0,Jimmie,PO Box 8650,,
180.0,Violette,Room 474,,
181.0,Dyana,Apt 1210,,
182.0,Melonie,Room 512,,
183.0,Joey,17th Floor,,
184.0,Sig,PO Box 59913,,
185.0,Judah,Suite 31,,
186.0,Bernadine,8th Floor,,
187.0,Verene,4th Floor,,
188.0,Mireille,PO Box 98693,,
189.0,Edy,Room 1508,,
190.0,Carry,PO Box 67215,,
191.0,Jordon,PO Box 74555,,
192.0,Shanta,19th Floor,,
193.0,Elvera,Room 648,,
194.0,Amberly,PO Box 33910,,
195.0,Florella,Room 1320,,
196.0,Karel,Apt 1210,,
197.0,Stefania,3rd Floor,,
198.0,Sherye,11th Floor,,
199.0,Warren,Suite 35,,
200.0,Huberto,Suite 84,,
201.0,Louie,Suite 26,,
202.0,Riva,Suite 83,,
203.0,Mike,Apt 958,,
204.0,Peggy,Suite 10,,
205.0,Haskel,PO Box 74436,,
206.0,Letty,Apt 670,,
207.0,Dolph,PO Box 31645,,
208.0,Joachim,PO Box 91453,,
209.0,Darlene,Room 1181,,
210.0,Gordon,Suite 9,,
211.0,Romonda,Suite 53,,
212.0,Deane,PO Box 98271,,
213.0,Jodie,Room 1911,,
214.0,Tybie,PO Box 86126,,
215.0,Abramo,Apt 635,,
216.0,Lethia,Apt 830,,
217.0,Leland,Suite 67,,
218.0,Zebulon,4th Floor,,
219.0,Lorne,Apt 505,,
220.0,Ronica,Room 578,,
221.0,Lisetta,Apt 1518,,
222.0,Fae,Apt 1997,,
223.0,Wynn,2nd Floor,,
224.0,Filide,Room 1166,,
225.0,Fairfax,Room 1860,,
226.0,Daisi,PO Box 88755,,
227.0,Naoma,Room 377,,
228.0,Urban,9th Floor,,
229.0,Galina,Apt 1488,,
230.0,Kayne,Suite 84,,
231.0,Binny,Apt 422,,
232.0,Rosie,Apt 534,,
233.0,Rubetta,Apt 1492,,
234.0,Suzette,Room 157,,
235.0,Tanitansy,Apt 747,,
236.0,Boyd,Suite 21,,
237.0,Idaline,17th Floor,,
238.0,Cloe,Suite 73,,
239.0,Minda,PO Box 97688,,
240.0,Guss,PO Box 77185,,
241.0,Guthrey,Suite 49,,
242.0,Carlen,13th Floor,,
243.0,Duff,13th Floor,,
244.0,Gillan,2nd Floor,,
245.0,Sissy,Apt 1748,,
246.0,Mattheus,Apt 14,,
247.0,Yancy,14th Floor,,
248.0,Coral,Room 1093,,
249.0,Tabby,Suite 4,,
250.0,Glennie,17th Floor,,
251.0,Raynell,Apt 1307,,
252.0,Carlotta,PO Box 86108,,
253.0,Jervis,Room 1908,,
254.0,Vivyanne,Apt 264,,
255.0,Bentlee,Apt 1953,,
256.0,Darb,20th Floor,,
257.0,Gustavus,13th Floor,,
258.0,Cleavland,Apt 183,,
259.0,Rozamond,12th Floor,,
260.0,Dorthea,Apt 1529,,
261.0,Ephrem,Suite 58,,
262.0,Cordelia,Apt 810,,
263.0,Bobbi,9th Floor,,
264.0,Paton,PO Box 93503,,
265.0,Valry,Suite 62,,
266.0,Tan,Apt 476,,
267.0,Consuelo,18th Floor,,
268.0,Nell,PO Box 72732,,
269.0,Powell,Apt 196,,
270.0,Julietta,12th Floor,,
271.0,Lothaire,PO Box 74868,,
272.0,Philippine,Room 1772,,
273.0,Chloe,Room 849,,
274.0,Adrianne,Room 1357,,
275.0,Olwen,Apt 1050,,
276.0,Dill,8th Floor,,
277.0,Abey,Room 1073,,
278.0,Sydney,PO Box 77583,,
279.0,Emmi,9th Floor,,
280.0,Mano,PO Box 62145,,
281.0,Clayton,Apt 1392,,
282.0,Bren,Room 282,,
283.0,Irv,PO Box 56436,,
284.0,Gretal,Room 453,,
285.0,Broddie,Suite 1,,
286.0,Walther,Apt 107,,
287.0,Trudy,1st Floor,,
288.0,Teresa,Apt 1744,,
289.0,Torey,Room 545,,
290.0,Marthe,Apt 433,,
291.0,Zarah,Suite 16,,
292.0,Chic,11th Floor,,
293.0,Bourke,Suite 17,,
294.0,Kaila,Room 1641,,
295.0,Maiga,PO Box 2791,,
296.0,Berenice,10th Floor,,
297.0,Carolin,Apt 1403,,
298.0,Myrvyn,Room 262,,
299.0,Roger,Room 1133,,
300.0,Carmella,Apt 931,,
301.0,Bobbye,5th Floor,,
302.0,Linea,17th Floor,,
303.0,Harmon,Room 50,,
304.0,Raleigh,PO Box 29735,,
305.0,Gannon,PO Box 95616,,
306.0,Zebadiah,Room 1274,,
307.0,Randene,Apt 1870,,
308.0,Ranna,10th Floor,,
309.0,Wilona,Apt 754,,
310.0,Cecilia,PO Box 50974,,
311.0,Allsun,19th Floor,,
312.0,Doralin,3rd Floor,,
313.0,Angele,Apt 66,,
314.0,Charlie,Room 1491,,
315.0,Hamid,12th Floor,,
316.0,Joela,PO Box 67452,,
317.0,Odella,Apt 292,,
318.0,Berny,PO Box 97801,,
319.0,Hildegarde,10th Floor,,
320.0,Gladys,10th Floor,,
321.0,Vlad,Apt 1332,,
322.0,Winona,Room 326,,
323.0,Thomasin,Apt 1167,,
324.0,Siffre,Room 1356,,
325.0,Katherine,Room 1868,,
326.0,Hall,5th Floor,,
327.0,Micah,Suite 20,,
328.0,Vassily,2nd Floor,,
329.0,Bobby,Room 580,,
330.0,Rodie,Apt 1808,,
331.0,Justino,Apt 120,,
332.0,Babbie,1st Floor,,
333.0,Lucho,PO Box 66404,,
334.0,Cairistiona,3rd Floor,,
335.0,Elyse,Apt 1045,,
336.0,Lela,Suite 70,,
337.0,Kare,Apt 1979,,
338.0,Myrilla,Apt 1052,,
339.0,Elana,Apt 1706,,
340.0,Kirstyn,16th Floor,,
341.0,Gabbi,Room 759,,
342.0,Spenser,PO Box 20982,,
343.0,Nettle,PO Box 71394,,
344.0,Sigvard,8th Floor,,
345.0,Kitty,Apt 486,,
346.0,Igor,15th Floor,,
347.0,Nil,Suite 46,,
348.0,Dana,18th Floor,,
349.0,Terrance,Room 772,,
350.0,Tomi,Apt 209,,
351.0,Warden,Apt 10,,
352.0,Terencio,Apt 1231,,
353.0,Flossi,Room 359,,
354.0,Ellette,Room 911,,
355.0,Em,Room 799,,
356.0,Roi,Room 1221,,
357.0,Sibylle,PO Box 24837,,
358.0,Buiron,Suite 100,,
359.0,Inglis,11th Floor,,
360.0,Patrizius,PO Box 27967,,
361.0,Tanny,PO Box 13691,,
362.0,Margalo,2nd Floor,,
363.0,Rozanne,PO Box 46813,,
364.0,Aubrette,PO Box 19112,,
365.0,Ginni,Apt 1817,,
366.0,Ronnie,Apt 880,,
367.0,Sunny,Apt 485,,
368.0,Yancy,Apt 545,,
369.0,Sal,Suite 41,,
370.0,Kath,PO Box 41222,,
371.0,Jyoti,PO Box 62926,,
372.0,Mitzi,PO Box 55893,,
373.0,Richardo,Room 1312,,
374.0,Adel,5th Floor,,
375.0,Linnea,Suite 49,,
376.0,Elsey,Apt 1689,,
377.0,Atlante,Room 323,,
378.0,Pascale,PO Box 60226,,
379.0,Noella,Suite 88,,
380.0,Axe,PO Box 46470,,
381.0,Marion,Suite 71,,
382.0,Dionisio,PO Box 6074,,
383.0,Dulcine,19th Floor,,
384.0,Gustave,PO Box 92677,,
385.0,Lira,Suite 72,,
386.0,Jaimie,Room 1910,,
387.0,Krissie,Apt 1190,,
388.0,Tadeo,Room 1836,,
389.0,Nigel,Room 991,,
390.0,Emmet,Apt 1520,,
391.0,Candis,Room 317,,
392.0,Sarette,Apt 1246,,
393.0,Dagny,Room 698,,
394.0,Anjanette,16th Floor,,
395.0,Viviyan,Room 961,,
396.0,Rosamund,Room 923,,
397.0,Morgana,Suite 96,,
398.0,Benito,PO Box 55070,,
399.0,Brooke,20th Floor,,
400.0,Pattie,15th Floor,,
401.0,Melita,Room 1572,,
402.0,Rourke,PO Box 38714,,
403.0,Benyamin,Suite 32,,
404.0,Almira,4th Floor,,
405.0,Marlo,Apt 1538,,
406.0,Lorine,4th Floor,,
407.0,Joelynn,PO Box 97014,,
408.0,Nonnah,Apt 253,,
409.0,Wenda,Room 1341,,
410.0,Padgett,Room 308,,
411.0,Arel,10th Floor,,
412.0,Monique,Suite 71,,
413.0,Claresta,PO Box 57237,,
414.0,Janean,Suite 25,,
415.0,Reid,5th Floor,,
416.0,Page,PO Box 21254,,
417.0,Chiquia,Room 1937,,
418.0,Mortie,PO Box 63508,,
419.0,Palm,Apt 440,,
420.0,Alix,20th Floor,,
421.0,Heinrik,Apt 1505,,
422.0,Kimberlee,Suite 44,,
423.0,Sax,Suite 64,,
424.0,Clem,Apt 467,,
425.0,Amelie,PO Box 61127,,
426.0,Ysabel,Suite 13,,
427.0,Minnnie,Apt 106,,
428.0,Deena,Apt 1487,,
429.0,Yoshiko,Apt 133,,
430.0,Nariko,Apt 1674,,
431.0,Saunder,7th Floor,,
432.0,Nikita,PO Box 12503,,
433.0,Kiah,8th Floor,,
434.0,Cilka,Suite 34,,
435.0,Dougie,15th Floor,,
436.0,Claudio,Suite 39,,
437.0,Rivy,Room 488,,
438.0,Katheryn,Apt 1546,,
439.0,Maure,Apt 1559,,
440.0,Fredrick,Apt 1594,,
441.0,Kenn,Suite 19,,
442.0,Robby,Room 715,,
443.0,Brenden,Suite 50,,
444.0,Barbra,Suite 86,,
445.0,Carey,13th Floor,,
446.0,Emilee,Room 864,,
447.0,Delora,Suite 95,,
448.0,Dane,Room 1028,,
449.0,Cedric,Apt 1351,,
450.0,Myrilla,11th Floor,,
451.0,Rodge,Room 703,,
452.0,Danyette,Suite 30,,
453.0,Nerissa,Suite 31,,
454.0,Ellwood,8th Floor,,
455.0,Marji,2nd Floor,,
456.0,Wildon,Room 398,,
457.0,Evangeline,PO Box 25711,,
458.0,Larissa,PO Box 64846,,
459.0,Magdalene,PO Box 34186,,
460.0,Pete,Suite 68,,
461.0,Bartholomew,Room 481,,
462.0,Willie,Room 1978,,
463.0,Hanna,Room 1358,,
464.0,Christoph,15th Floor,,
465.0,Nikoletta,Apt 40,,
466.0,Gabriel,Apt 1467,,
467.0,Yoko,Room 1538,,
468.0,Annette,4th Floor,,
469.0,Agathe,Suite 19,,
470.0,Laughton,Suite 80,,
471.0,Sidonia,PO Box 89032,,
472.0,Aveline,8th Floor,,
473.0,Tove,Suite 39,,
474.0,Floyd,Room 360,,
475.0,Becky,10th Floor,,
476.0,Vikki,PO Box 46137,,
477.0,Eamon,Apt 853,,
478.0,Gabbie,PO Box 22939,,
479.0,Norris,PO Box 61056,,
480.0,Nessi,Room 394,,
481.0,Marnie,13th Floor,,
482.0,Thebault,PO Box 54931,,
483.0,Jackie,Apt 1331,,
484.0,Sayre,Suite 85,,
485.0,Claudine,Suite 83,,
486.0,Sheeree,Room 1941,,
487.0,Parnell,Suite 86,,
488.0,Diana,PO Box 93165,,
489.0,Cy,Apt 1448,,
490.0,Yorgos,Suite 35,,
491.0,Dionisio,Apt 1833,,
492.0,Riccardo,Suite 85,,
493.0,Nance,Suite 60,,
494.0,Ava,Room 49,,
495.0,Lacee,14th Floor,,
496.0,Lyndy,Apt 427,,
497.0,Gustaf,Suite 51,,
498.0,Andy,PO Box 11035,,
499.0,Donny,Suite 92,,
500.0,Elisabetta,Room 1142,,
501.0,Nan,PO Box 50051,,
502.0,Adelheid,Room 98,,
503.0,Kevyn,Apt 1055,,
504.0,Starlene,PO Box 63435,,
505.0,Gearalt,Apt 1276,,
506.0,Conroy,Apt 1400,,
507.0,Anet,Room 1719,,
508.0,Rollin,Room 190,,
509.0,Krishnah,Apt 1094,,
510.0,Drusy,PO Box 96083,,
511.0,Jessa,Room 1238,,
512.0,Marleah,10th Floor,,
513.0,Annamaria,Suite 39,,
514.0,Aarika,Apt 1466,,
515.0,Moreen,PO Box 59492,,
516.0,Matty,Suite 71,,
517.0,Meryl,15th Floor,,
518.0,Walton,Room 39,,
519.0,Suki,Room 764,,
520.0,Karita,Room 74,,
521.0,Vonni,Apt 436,,
522.0,Arthur,PO Box 43970,,
523.0,Doyle,Apt 1149,,
524.0,Duffie,Room 1452,,
525.0,Leslie,Suite 84,,
526.0,Cort,Suite 36,,
527.0,Prescott,Apt 77,,
528.0,Georgiana,Suite 13,,
529.0,Ferdinande,Suite 95,,
530.0,Gradeigh,Apt 984,,
531.0,Clement,Apt 67,,
532.0,Angeli,Apt 816,,
533.0,Cristina,Room 1787,,
534.0,Madeleine,13th Floor,,
535.0,Beck,Apt 1466,,
536.0,Artemis,PO Box 30649,,
537.0,Ashton,PO Box 48403,,
538.0,Claudie,Suite 86,,
539.0,Wes,Apt 549,,
540.0,Nelle,10th Floor,,
541.0,Tressa,16th Floor,,
542.0,Darb,Apt 1803,,
543.0,Celestia,PO Box 20706,,
544.0,Cliff,Room 1665,,
545.0,Dolorita,Apt 1950,,
546.0,Ottilie,PO Box 34496,,
547.0,Arlin,Suite 63,,
548.0,Marijo,PO Box 90853,,
549.0,Emery,Suite 84,,
550.0,Benoite,19th Floor,,
551.0,Vladimir,Suite 19,,
552.0,Dennet,PO Box 22859,,
553.0,Jolyn,Room 460,,
554.0,Antonino,Apt 1700,,
555.0,Giulietta,PO Box 64809,,
556.0,Tatiania,Apt 654,,
557.0,Tobias,Apt 1631,,
558.0,Etan,16th Floor,,
559.0,Miller,Apt 493,,
560.0,Sibylle,Room 468,,
561.0,Jaimie,5th Floor,,
562.0,Dorothee,Suite 45,,
563.0,Ludvig,13th Floor,,
564.0,Daile,Apt 1562,,
565.0,Robinia,Apt 1797,,
566.0,Sigrid,Apt 179,,
567.0,Elfreda,Suite 11,,
568.0,Jeannie,Apt 1648,,
569.0,Yolane,PO Box 43663,,
570.0,Verene,PO Box 36754,,
571.0,Lind,13th Floor,,
572.0,Velma,PO Box 35497,,
573.0,Port,PO Box 29786,,
574.0,Antony,Apt 1935,,
575.0,Rosetta,Apt 231,,
576.0,Seana,Room 1598,,
577.0,Kriste,PO Box 54800,,
578.0,Filip,Room 1485,,
579.0,Aurora,3rd Floor,,
580.0,Jerrilee,Apt 83,,
581.0,Ellyn,Room 137,,
582.0,Eolanda,19th Floor,,
583.0,Paulie,Suite 3,,
584.0,Midge,Suite 90,,
585.0,Charis,PO Box 89788,,
586.0,Gilburt,Suite 41,,
587.0,Harris,6th Floor,,
588.0,Lavinie,3rd Floor,,
589.0,Claudelle,Apt 1429,,
590.0,Madella,11th Floor,,
591.0,Anjela,Room 1508,,
592.0,Hillyer,19th Floor,,
593.0,Maible,18th Floor,,
594.0,Adelina,Apt 42,,
595.0,Jannel,13th Floor,,
596.0,Kennett,10th Floor,,
597.0,Delmore,PO Box 15767,,
598.0,Essa,Suite 33,,
599.0,Kelila,Suite 90,,
600.0,Olimpia,Apt 56,,
601.0,Jacqui,Apt 1484,,
602.0,Darbee,1st Floor,,
603.0,Idalia,Suite 58,,
604.0,Bartholomeo,Apt 162,,
605.0,Gibbie,5th Floor,,
606.0,Bessie,6th Floor,,
607.0,Zarla,PO Box 32667,,
608.0,Kerstin,Suite 65,,
609.0,Kurt,Suite 46,,
610.0,Barnett,Suite 21,,
611.0,Rodd,17th Floor,,
612.0,Dori,Apt 1585,,
613.0,Alejoa,PO Box 62961,,
614.0,Teena,PO Box 23657,,
615.0,Roy,PO Box 2417,,
616.0,Catie,Apt 1787,,
617.0,Felisha,12th Floor,,
618.0,Ainslie,Suite 65,,
619.0,Rolf,PO Box 58504,,
620.0,Hephzibah,Suite 89,,
621.0,Elliot,Room 1306,,
622.0,Micaela,Room 1733,,
623.0,Anny,20th Floor,,
624.0,Mandel,7th Floor,,
625.0,Rebe,Room 1954,,
626.0,Hildagarde,2nd Floor,,
627.0,Berry,Room 836,,
628.0,Lauri,Suite 60,,
629.0,Tony,PO Box 85093,,
630.0,Salome,Apt 1230,,
631.0,Ignacius,Apt 340,,
632.0,Orion,Suite 99,,
633.0,Aymer,10th Floor,,
634.0,Deane,Suite 14,,
635.0,Helena,Suite 72,,
636.0,Elnore,Suite 38,,
637.0,Briny,Suite 81,,
638.0,Murry,Suite 22,,
639.0,Basil,Apt 1384,,
640.0,Garfield,Suite 29,,
641.0,Nanice,Apt 296,,
642.0,Ynes,Apt 1547,,
643.0,Anthe,PO Box 15242,,
644.0,Lanny,Apt 1824,,
645.0,Geordie,18th Floor,,
646.0,Nixie,Room 1627,,
647.0,Cathy,Apt 163,,
648.0,Jen,Room 966,,
649.0,Erda,Suite 22,,
650.0,Dannye,Room 1162,,
651.0,Krista,Suite 31,,
652.0,Jennilee,Room 137,,
653.0,Carroll,4th Floor,,
654.0,Michell,Suite 31,,
655.0,Sergeant,PO Box 17430,,
656.0,Ortensia,PO Box 15991,,
657.0,Dode,Suite 4,,
658.0,Dalila,Suite 12,,
659.0,Durand,19th Floor,,
660.0,Homerus,Room 724,,
661.0,Eudora,1st Floor,,
662.0,Joby,Room 527,,
663.0,Court,Suite 32,,
664.0,Phaidra,Suite 45,,
665.0,Jenica,Suite 97,,
666.0,Penelope,Room 1316,,
667.0,Ford,Room 1656,,
668.0,Julissa,Suite 89,,
669.0,Roselle,7th Floor,,
670.0,Bryana,Apt 1180,,
671.0,Farleigh,10th Floor,,
672.0,Reider,1st Floor,,
673.0,Miller,PO Box 96500,,
674.0,Janaya,Apt 295,,
675.0,Marna,7th Floor,,
676.0,Liva,Apt 1732,,
677.0,Teador,Suite 24,,
678.0,Lorie,14th Floor,,
679.0,Xymenes,Room 1018,,
680.0,Silas,Room 1749,,
681.0,Stanford,Apt 811,,
682.0,Anastassia,Suite 55,,
683.0,Alethea,4th Floor,,
684.0,Tailor,PO Box 75166,,
685.0,Tomi,PO Box 62678,,
686.0,Collen,Room 261,,
687.0,Ted,Suite 93,,
688.0,Lira,Suite 49,,
689.0,Mercy,Apt 746,,
690.0,Zelda,Apt 1213,,
691.0,Gabbi,10th Floor,,
692.0,Stillman,Apt 583,,
693.0,Don,Room 279,,
694.0,Mellie,PO Box 71712,,
695.0,Ashley,14th Floor,,
696.0,Letty,PO Box 22786,,
697.0,Orelia,PO Box 69280,,
698.0,Juana,15th Floor,,
699.0,Griswold,Room 613,,
700.0,Archie,Apt 586,,
701.0,Alastair,PO Box 96967,,
702.0,Nelly,PO Box 28335,,
703.0,Teri,Room 200,,
704.0,Hinda,6th Floor,,
705.0,Gerianne,16th Floor,,
706.0,Pincas,Apt 663,,
707.0,Anica,PO Box 82955,,
708.0,Davidde,Suite 38,,
709.0,Kally,Suite 13,,
710.0,Gav,Suite 87,,
711.0,Colin,Suite 16,,
712.0,Damien,Room 1097,,
713.0,Garik,Room 1782,,
714.0,Stevie,PO Box 38005,,
715.0,Tasia,PO Box 89985,,
716.0,Stephine,Apt 226,,
717.0,Ree,Room 519,,
718.0,Donnie,Room 1590,,
719.0,Maurie,Room 1295,,
720.0,Valma,Room 65,,
721.0,Esme,Room 1048,,
722.0,Pearce,PO Box 71572,,
723.0,Dev,3rd Floor,,
724.0,Dominick,PO Box 18169,,
725.0,Joelly,Room 1656,,
726.0,Letisha,Suite 52,,
727.0,Dominik,Apt 769,,
728.0,Lek,Room 613,,
729.0,Pauly,PO Box 29550,,
730.0,Slade,8th Floor,,
731.0,Sargent,Suite 22,,
732.0,Neysa,Room 1043,,
733.0,Madelle,Suite 6,,
734.0,Alissa,Suite 54,,
735.0,Shauna,PO Box 8737,,
736.0,Bridgette,Suite 34,,
737.0,Duffie,Suite 79,,
738.0,Billye,Apt 1786,,
739.0,Ruy,Suite 100,,
740.0,Pru,11th Floor,,
741.0,Waylon,Apt 738,,
742.0,Granthem,Apt 1064,,
743.0,Mae,Apt 1613,,
744.0,Neala,13th Floor,,
745.0,Matthaeus,PO Box 27529,,
746.0,Xever,PO Box 70143,,
747.0,Ardath,Room 98,,
748.0,Korie,15th Floor,,
749.0,Aubree,Room 1050,,
750.0,Glenden,Room 605,,
751.0,Darby,Room 1119,,
752.0,Lorettalorna,Apt 219,,
753.0,Anthea,9th Floor,,
754.0,Beret,9th Floor,,
755.0,Lolly,Apt 357,,
756.0,Blondie,PO Box 80194,,
757.0,Ileane,Suite 52,,
758.0,Alyda,PO Box 10600,,
759.0,Mel,Apt 1606,,
760.0,Ava,Suite 37,,
761.0,Tine,Apt 364,,
762.0,Sherye,Apt 1620,,
763.0,Mahmud,Apt 394,,
764.0,Dan,12th Floor,,
765.0,Joella,Room 599,,
766.0,Gaby,Suite 62,,
767.0,Carry,Apt 736,,
768.0,Thomasine,19th Floor,,
769.0,Jaime,Room 690,,
770.0,Adrianna,17th Floor,,
771.0,Adler,PO Box 32807,,
772.0,Ebenezer,Suite 25,,
773.0,Ashli,17th Floor,,
774.0,Evelin,Room 1119,,
775.0,Ula,Room 1692,,
776.0,Peri,Room 74,,
777.0,Marna,Suite 87,,
778.0,Valencia,PO Box 21600,,
779.0,Mechelle,Room 477,,
780.0,Junia,PO Box 66621,,
781.0,Ed,12th Floor,,
782.0,Moises,Apt 1273,,
783.0,Lorilyn,14th Floor,,
784.0,Vaughan,Room 1874,,
785.0,Horten,PO Box 44397,,
786.0,Darelle,Room 1098,,
787.0,David,Apt 792,,
788.0,Conrad,Suite 19,,
789.0,Kit,Suite 73,,
790.0,Randolf,Room 426,,
791.0,Teddi,Apt 1513,,
792.0,Celie,Apt 1685,,
793.0,Bay,Suite 19,,
794.0,Petr,PO Box 36079,,
795.0,Hedy,Apt 1184,,
796.0,Kurt,Suite 95,,
797.0,Norma,1st Floor,,
798.0,Libbey,Apt 1095,,
799.0,Miran,Apt 415,,
800.0,Shea,Apt 470,,
801.0,Sherm,Suite 87,,
802.0,Temple,Suite 68,,
803.0,Garek,5th Floor,,
804.0,Hortense,4th Floor,,
805.0,Brucie,PO Box 71017,,
806.0,Kaleena,Suite 28,,
807.0,Lemuel,3rd Floor,,
808.0,Alisha,Suite 20,,
809.0,Gav,7th Floor,,
810.0,Otes,Apt 841,,
811.0,Prudence,Apt 1310,,
812.0,Kahlil,Suite 31,,
813.0,Shirleen,PO Box 77004,,
814.0,Tabor,PO Box 90702,,
815.0,Francine,PO Box 66624,,
816.0,Shirline,Room 110,,
817.0,Neil,7th Floor,,
818.0,Angela,1st Floor,,
819.0,Salomon,PO Box 93066,,
820.0,Merv,8th Floor,,
821.0,Currie,Room 24,,
822.0,Andriana,PO Box 42492,,
823.0,Daveen,18th Floor,,
824.0,Cortney,Apt 1209,,
825.0,Carolan,Room 48,,
826.0,Nathanil,15th Floor,,
827.0,Robert,Room 619,,
828.0,Lissy,Suite 50,,
829.0,Filippo,PO Box 9575,,
830.0,Molli,Suite 30,,
831.0,Sterling,Suite 46,,
832.0,Minnaminnie,Apt 1462,,
833.0,Courtney,PO Box 95959,,
834.0,Vi,Apt 1493,,
835.0,Kin,Apt 804,,
836.0,Tanhya,PO Box 46529,,
837.0,Benedetto,Apt 1291,,
838.0,Theadora,Apt 1746,,
839.0,Appolonia,7th Floor,,
840.0,Jackie,PO Box 82727,,
841.0,Morley,PO Box 86209,,
842.0,Starlin,6th Floor,,
843.0,Bartram,Apt 516,,
844.0,Demetra,16th Floor,,
845.0,Layne,Apt 1798,,
846.0,Rochell,Apt 646,,
847.0,Amory,Suite 45,,
848.0,Bernadina,13th Floor,,
849.0,Langsdon,PO Box 1791,,
850.0,Karisa,Suite 91,,
851.0,Shae,Apt 995,,
852.0,Freeland,PO Box 78150,,
853.0,Miguel,Suite 57,,
854.0,Tierney,Apt 150,,
855.0,Ashil,Room 660,,
856.0,Skipper,Apt 485,,
857.0,Gui,19th Floor,,
858.0,Gilbertine,Room 535,,
859.0,Lavinie,Room 681,,
860.0,Hilly,1st Floor,,
861.0,Bekki,Apt 889,,
862.0,Abel,Apt 1524,,
863.0,Sybilla,Apt 1976,,
864.0,Lari,PO Box 88105,,
865.0,Maura,Apt 212,,
866.0,Gran,Apt 299,,
867.0,Dona,Apt 769,,
868.0,Lockwood,PO Box 63591,,
869.0,Maurizio,17th Floor,,
870.0,Rosalia,15th Floor,,
871.0,Carlyle,Suite 89,,
872.0,Stephine,Apt 1951,,
873.0,Wilfrid,Room 1602,,
874.0,Katerine,Suite 92,,
875.0,Gusty,PO Box 77457,,
876.0,Felipe,Apt 1037,,
877.0,Noell,PO Box 81722,,
878.0,Justine,Suite 95,,
879.0,Merci,14th Floor,,
880.0,Victor,3rd Floor,,
881.0,Kameko,Suite 5,,
882.0,Broderic,PO Box 38668,,
883.0,Keri,17th Floor,,
884.0,Tim,Suite 29,,
885.0,Caterina,Room 1959,,
886.0,Brynn,15th Floor,,
887.0,Jacquenetta,PO Box 57117,,
888.0,Yvor,5th Floor,,
889.0,Maurise,17th Floor,,
890.0,Rebekah,Apt 326,,
891.0,Chad,Room 441,,
892.0,Stephenie,16th Floor,,
893.0,Luci,Apt 1702,,
894.0,Torrence,Room 72,,
895.0,Meggie,10th Floor,,
896.0,Faythe,Apt 1020,,
897.0,Casey,Suite 30,,
898.0,Garald,Suite 48,,
899.0,Ashlan,Room 1516,,
900.0,Denis,Apt 510,,
901.0,Harriott,Suite 96,,
902.0,Ammamaria,Room 701,,
903.0,Tallulah,Apt 669,,
904.0,Didi,Suite 96,,
905.0,Gilberta,Apt 1776,,
906.0,Iggie,Apt 1450,,
907.0,Torey,PO Box 99195,,
908.0,Charmane,Apt 971,,
909.0,Kayley,Apt 766,,
910.0,Cesare,PO Box 67516,,
911.0,Cyrillus,PO Box 97930,,
912.0,Conrad,Apt 633,,
913.0,Bobbie,18th Floor,,
914.0,Wat,Suite 62,,
915.0,Georgette,5th Floor,,
916.0,Dyane,PO Box 11498,,
917.0,Kath,Room 1059,,
918.0,Emmit,Room 590,,
919.0,Elianora,Apt 1700,,
920.0,Redford,Room 900,,
921.0,Avram,Room 88,,
922.0,Leonelle,16th Floor,,
923.0,Melosa,Apt 610,,
924.0,Cortie,19th Floor,,
925.0,Robinetta,PO Box 17073,,
926.0,Miguelita,Room 1609,,
927.0,Teirtza,Room 1573,,
928.0,Hedy,PO Box 20795,,
929.0,Kellen,Apt 1238,,
930.0,Sherwin,Apt 1274,,
931.0,Bo,7th Floor,,
932.0,George,Apt 1688,,
933.0,Georgie,PO Box 10660,,
934.0,Tracie,Room 55,,
935.0,Karim,PO Box 46255,,
936.0,Ase,9th Floor,,
937.0,Arel,Suite 1,,
938.0,Thibaud,Room 1017,,
939.0,Merridie,Room 383,,
940.0,Rolph,Room 83,,
941.0,Vinnie,16th Floor,,
942.0,Leelah,PO Box 71421,,
943.0,Shamus,Room 605,,
944.0,Rica,Suite 31,,
945.0,Allyson,PO Box 7960,,
946.0,Richy,PO Box 72078,,
947.0,Deeann,Apt 888,,
948.0,Aviva,Suite 25,,
949.0,Aaren,Room 977,,
950.0,Gianina,Suite 75,,
951.0,Giraldo,Suite 100,,
952.0,Katha,20th Floor,,
953.0,Shayne,19th Floor,,
954.0,Frasco,8th Floor,,
955.0,Gunar,Suite 15,,
956.0,Kirstin,Apt 1666,,
957.0,Hunfredo,PO Box 25093,,
958.0,Bendick,Room 1550,,
959.0,Jocelyne,PO Box 62598,,
960.0,Bert,Apt 1328,,
961.0,Garwin,Suite 1,,
962.0,Zabrina,Apt 1072,,
963.0,Brandyn,16th Floor,,
964.0,Magdaia,PO Box 8143,,
965.0,Martynne,Suite 77,,
966.0,Erl,Apt 674,,
967.0,Kimberli,19th Floor,,
968.0,Wake,1st Floor,,
969.0,Ennis,Apt 1800,,
970.0,Tandie,Apt 1751,,
971.0,Ulick,PO Box 25656,,
972.0,Becka,Suite 65,,
973.0,Kim,15th Floor,,
974.0,Melitta,Apt 1721,,
975.0,Lezley,11th Floor,,
976.0,Marice,PO Box 10669,,
977.0,Diane-marie,1st Floor,,
978.0,Chancey,PO Box 83991,,
979.0,Rafaello,PO Box 88603,,
980.0,Zebulen,PO Box 29565,,
981.0,Hollis,PO Box 22340,,
982.0,Goddard,Apt 249,,
983.0,Rickard,Room 1837,,
984.0,Allayne,PO Box 58953,,
985.0,Maryellen,PO Box 9769,,
986.0,Zoe,Apt 1133,,
987.0,Galen,Room 1714,,
988.0,La verne,2nd Floor,,
989.0,Krystal,PO Box 12587,,
990.0,Dominick,PO Box 57624,,
991.0,Jereme,Apt 626,,
992.0,Merv,Apt 28,,
993.0,Hirsch,Suite 43,,
994.0,Cass,PO Box 95263,,
995.0,Lavina,Apt 1130,,
996.0,Rufe,Suite 55,,
997.0,Bertrand,PO Box 72010,,
998.0,Wilhelm,11th Floor,,
999.0,Mignonne,Apt 1910,,
1000.0,Lyndell,Suite 83,,
,,,,T_1
,,,,T_2
,,,,T_3
,,,,T_4
,,,,T_5
,,,,T_6
,,,,T_7
,,,,T_8
,,,,T_9
,,,,T_10
,,,,T_11
,,,,T_12
,,,,T_13
,,,,T_14
,,,,T_15
,,,,T_16
,,,,T_17
,,,,T_18
,,,,T_19
,,,,T_20
,,,,T_21
,,,,T_22
,,,,T_23
,,,,T_24
,,,,T_25
,,,,T_26
,,,,T_27
,,,,T_28
,,,,T_29
,,,,T_30
